nome,email,telefone_fixo,celular,bairro
Noah Joaquim Oliveira,noah.joaquim.oliveira@eximiart.com.br,(11) 2794-4707,(11) 98944-0438,Bela Vista
Thomas Manuel Breno da Conceição,thomas_daconceicao@centrooleo.com.br,(11) 2868-3128,(11) 99942-0591,Bela Vista
Carla Andreia Novaes,carla_novaes@moderna.com.br,(11) 3904-5688,(11) 98806-6452,Cipava
Samuel Miguel Nunes,samuelmiguelnunes@metalplasma.com.br,(11) 2612-3525,(11) 98685-6247,Conceição
Sophia Nair Carolina Costa,sophia-costa74@abcturismo.com.br,(11) 2813-1620,(11) 99107-1866,Helena Maria
Tiago Marcos Arthur Sales,tiago-sales89@iss.com.br,(11) 3555-0338,(11) 98951-5110,Jardim D'Abril
Maya Sandra Daiane Santos,maya.sandra.santos@moncoes.com.br,(11) 3730-0381,(11) 99817-7614,Jardim Primeiro de Maio (Chácara Fazendinha)
Nathan Manuel Pedro Henrique Farias,nathan_manuel_farias@plastic.com.br,(11) 3877-2709,(11) 98555-1354,Jardim Roberto
Breno Bryan Dias,breno.bryan.dias@iglod.com,(11) 2959-2321,(11) 98293-2952,Mutinga
Daniel Rafael Felipe Barbosa,daniel-barbosa94@cotamtambores.com.br,(11) 2545-8071,(11) 99549-4375,Mutinga
Liz Emilly Nascimento,liz_nascimento@delfrateinfo.com.br,(11) 2949-1675,(11) 99647-8916,Novo Osasco
Ian Erick Renan Drumond,ian_drumond@vilasites.com.br,(11) 2570-0026,(11) 99944-0216,Novo Osasco
Tereza Antonella Moreira,tereza_antonella_moreira@senioraereo.com.br,(11) 2844-0621,(11) 99609-9637,Novo Osasco
Juliana Amanda Ribeiro,juliana_amanda_ribeiro@abdalathomaz.adv.br,(11) 2753-3996,(11) 99706-1900,Padroeira
Regina Joana Fátima de Paula,regina.joana.depaula@reginfo.com.br,(11) 3901-1385,(11) 99737-7901,Padroeira
Jorge Elias Nathan Vieira,jorge.elias.vieira@fiorecomunicacao.com.br,(11) 3988-6610,(11) 98513-8296,Presidente Altino
Calebe Pedro Henrique Arthur Pires,calebepedropires@flama.biz,(11) 3853-1339,(11) 98752-5673,Remédios
Lúcia Aparecida da Silva,lucia_dasilva@mrarquitetura.com.br,(11) 2546-7833,(11) 98646-2315,Santa Fé
Gael Pedro Henrique Arthur Rocha,gael_pedro_rocha@tedde.com.br,(11) 3760-9194,(11) 98692-0334,Santo Antônio
Thiago Igor Rodrigo Gonçalves,thiago.igor.goncalves@phocus.com.br,(11) 2712-2231,(11) 99974-5237,Umuarama
Vanessa Luana Ferreira,vanessaluanaferreira@recoferindustria.com.br,(11) 3510-6487,(11) 98299-4140,Vila Campesina
Joaquim Theo Felipe Ramos,joaquim.theo.ramos@validtecnologia.com.br,(11) 3725-4789,(11) 98231-5458,Vila Menck
Emily Laura da Costa,emilylauradacosta@hellokitty.com,(11) 2745-7620,(11) 98400-6265,Vila Menck
Diogo Caio Souza,diogo-souza71@inepar.com.br,(11) 2870-2605,(11) 98615-9236,Vila Yara
Roberto Cauã da Paz,roberto_caua_dapaz@terra.com,(11) 2854-1421,(11) 98564-5286,Vila Yara
